,上村莉菜,小池美波,齋藤冬優花,井上梨名,遠藤光莉,大園玲,大沼晶保,幸阪茉里乃,武元唯衣,田村保乃,藤吉夏鈴,増本綺良,松田里奈,森田ひかる,守屋麗奈,山﨑天,石森璃花,遠藤理子,小田倉麗奈,小島凪紗,谷口愛季,中嶋優月,的野美青,向井純葉,村井優,村山美羽,山下瞳月,浅井恋乃未,稲熊ひな,勝又春,佐藤愛桜,中川智尋,松本和子,目黒陽色,山川宇衣,山田桃実
#001,,,,,,,,,,,,,,1,,,,,,,,,,,,,,,,,,,,,,
#002,,,,,,,,,,,,,1,,,1,,,,,,,,,,,,,,,,,,,,
#003,,,,,,1,,,,1,,,,,,,,,,,,,,,,,,,,,,,,,,
#004,,,,,,,,,,,1,,,,,,,,,,,,,,,,,,,,,,,,,
#005,,,,,,,,,,,,,,,,,,,,,,,1,,,1,,,,,,,,,,
#006,,,,,,,,,,,,,,,,,,,,,,,,,1,,1,,,,,,,,,
#007,,,,,,,,,,1,,,,,1,,,,,,,,,,,,,,,,,,,,,
#008,,,,,,,,,,,,,,,,1,,,,,,,,,,,,,,,,,,,,
#009,,,,1,,1,,,,1,1,1,1,1,1,1,,,,,1,1,1,,1,,1,,,,,,,,,
#010,,,,,,,,,,,,,,1,,,,,,,,,,,,,,,,,,,,,,
#011,,,,,,,,,,,,,,,,,1,,,,,,,,,,,,,,,,,,,
#012,,,,,,,,,,,,,,,,1,,,,,,,,,,,,,,,,,,,,
#013,,,,,,,,,,1,,,,,,,,,,,,,,,,,,,,,,,,,,
#014,,,,,,,,,,,,,,,,,,,,,1,,,1,,,,,,,,,,,,
#015,,,,,,,,,,,,,,1,,,,,,,,,,,1,,,,,,,,,,,
#016,,,,,,1,,,,,,,,,,,,,,,,,,,,,,,,,,,,,,
#017,1,,,,,,,1,,,,,,,,,,1,1,1,,,,,,,,,,,,,,,,
#018,,,,,,,,,,,1,,,,,,,,1,,,,,,,,,,,,,,,,,
#019,,,,,,,,,,,,,,,1,,,,,,,,,,,,,,,,,,,,,
#020,,,,,,,,,,1,,,1,1,1,,,,,,,,,,,,,,,,,,,,,
#021,,,,,,,,,,,,,,,,,,,,,1,1,,,,1,,,,,,,,,,
#022,,,,,,1,,,,,,,,,,,,,,,,,,,,,,,,,,,,,,
#023,,,,,,,,,,,,,,,,,1,,,,,,,,,,,,,,,,,,,
#024,,,,,,,,,,,,,,,,,,1,,,,,,,,,,,,,,,,,,
#025,,,,,,,,,,,1,,,,,,,,,,,,,,,1,,,,,,,,,,
#026,,,,,,,,,,,,,,,,,,,,1,,,,,,,,,,,,,,,,
#027,,,,,,,,,,,,,,,,,,,,,,,1,,,,,,,,,,,,,
#028,,,,1,,,,,,,,,,,,,,,,,,,,,,,,,,,,,,,,
#029,,,,,,,,,,,1,,,,,,,,,,,,,,,,,,,,,,,,,
#030,,,,,,,,,1,,,,,,,,,,,,,,,,,,,,,,,,,,,
#031,,,,,,,,,,,,1,,,,,,,,,,,,,,,,,,,,,,,,
#032,,,,,,,,,,1,,,,1,,1,,,,,,,,,,,,,,,,,,,,
#033,,,,,,,,,,,,,,,,,,,,,,,,,,,,1,1,1,1,1,1,1,1,1
#034,,,,,,,,,,,,,,,1,,,,,,,,,,,,,,,,,,,,,
#035,,,,,,,,,,,,,1,,,,,,,,,,,,,,,,,,,,,,,
#036,,,,,,,,,,,,,,,,,,,,,,,,,,,,1,,,,,,,,
#037,,,,,,,,,,,,,,,,,,,,,,,1,,,,1,,,,,,,,,
#038,,,,,,,,,,,,,,,,,1,,,,,,,,1,,,,,,,,,,,
#039,,,,,,,,,,,,,,,,,1,1,,,,,,,,,,,,,,,,,,
#040,,,,,,,,,,,,,,,,,,,,,1,,,1,,,,,,,,,,,,
#041,,,,,,,,,,,,,,,,,,,,,,,,,,,1,,,,,,,,,
#042,,,,,,,,,,,,,,,,,,,,,,,,,,,,,,,,1,1,,,
#043,,,,,,,,,,,,,,,,,,,,,,,,,,,,,,,1,,,,,
#044,,,,,,,,,,,,,,,,,,,,,,,,,,,,,,1,,,,,,
#045,,,,,,1,,,,,,,,,,,,,,,,,,,,,,,,,,,,,,
#046,,,,,,1,,,,1,,,,,,,,1,,,,,,,,,,,,,,,,,,
#047,,,,,,,,,,,,,,,,,,,,,,,,,,,,1,,,,,,,,
#048,,,,,,,1,,,,,,,,,,,,,,,,,,,,,,,,,,,,,
#049,1,,,,,,,,,,,,,,,,,,,,,,,,1,,,,,,,,,,,
#050,,,,,,,,,,1,,,,,,,,,,,,,,,,,,,,,,,,,,
#051,,,,,,,,,,,,,,,1,,,,,,,,,,,,,,,,,,,,,
#052,1,,1,,1,,1,1,1,,,,,,,,1,1,1,1,,,,1,,1,,,,,,,,,,
#053,,,,,,,,,,,,,,,,,,,,1,,,,,,,,,,,,,,,,
#054,,,,,,,,,,,,,,,,,,,,,,,,,,,,,,1,,,,1,,
#055,,,,,,,,,,,,,,,,,,1,,,,,,,,,,,,,,,,,,
#056,,,,,,,,,,,,,,,,,,,,,,,,,,,,,1,,,,,,,
#057,,,,,,1,,,1,,,,,,,,,,,,,,,,,,,,,,,,,,,
#058,,,,,,,,,,,,,,,,,,,,,,,,,,,,,,,,,,,1,
#059,,,,,,,,,,,,,,,,,,,,,,1,,,1,,,,,,,,,,,
#060,,,1,,,,,,,,,,,,1,,,,,,,,,,,,,,,,,,,,,
#061,,,,,,,,,,,,,,,,,,,,,,,,,,,,1,,,,,,,,1
#062,,,,,,,,,,,1,,,,,,,,,,,,,,,,1,,,,,,,,,
#063,,,,,,,,,,1,,,,,,,,,,,,,,,,,,,,,,,,,,
#064,,,,,,,,,,,,,,,,,,,1,1,1,1,,,,,,,,,,,,,,
#065,,,,,,,,1,,,,1,,,,,,,,,,,,,,,,,,,,,,,,
#066,,,,,,,,,,,,,,,,,,,,,,1,,,,,,,,,,,,,,
#067,,,,,,,,,,1,,,,,,,,,,,,,,,,,,,,,,,,,,
#068,,,,,,,,,,,,,,,1,,,,,,,,,,,,,,,,,,,,,
#069,,,,,,,,,,,,,,,,,1,,,,,,,,,,,,,,,,,,,
#070,,,,,,,,,,,1,,,,,,,,,,,,,,,,,,,,,,,,,
#071,,,,,,1,,,,,,,,,,,,,,,,,,,,,,,,,,,,,,
#072,,,,,,,,,,,,,,,1,,,,,,,,,,,,,,,,,,,,,
#073,,,,,,,,,,,,,,,,,,,,,,,1,,,,,,,,,,,,,
#074,,,,,,,,,,1,,,,,,1,,,,,,,,,,,,,,,,,,,,
#075,,,,,,,,,,,,,1,,,,,,,,,,,,,,,,,,,,,,,
#076,,,,,,,,,,,,,,,,,,,,,,,,,,,,,,,,,,,1,
#077,,,,,,,,,,,,,,,,,,,,,,,,1,,,,,,,,,,,,
#078,,,,,,,,,,,,,,,,,,,,,1,,,,,,,,,,,,,,,
#079,,,,,,,,,,,,,,,,,,1,,,,,,,,,,,,,,,,,,
#080,,,,,,,,,,,,,,,,,,,,,,,,,1,,,,,,,,,,,
#081,,,,,,,,,,,,,,,,,,,,,,,,,,,,,,,,1,,,,
#082,,,,,,,,,,,,,,,,1,,,,,,,,,,,,,,,,,,,,
#083,,,,,,,,,,,,,,,,,,,,,,,,,,,1,,,,,,,,,
#084,,,,,,,,,,,,,,,,1,,,,,,,,,,,,,,,,,,,,
#085,,,,,,,,,,,,,1,,,,,,,,,,,,,,,,,,,,,,,
#086,,,,,,,,,1,,,,,,,,,,,,,,,,,,,,,,,,,,,
#087,,,,,,,,,,,,,,,1,,,,,,,,,,,1,,,,,,,,,,
#088,,,,1,,1,,,,1,1,1,1,1,1,1,,,,,1,1,1,,1,,1,,,,,,,,,
#089,,,,,,,,,1,1,,,1,,,,,,,,,,,,,,,,,,,,,,,
#090,,,,,,,,,,,,,,,1,,,,,,,,,,,,,,,,,,,,,
#091,,,,,,,,,,,,,,,,,,,,,,,,,,,,,1,,,,,,,
#092,,1,,,,,,,,,,,,,,,,1,,,,,,,,,,,,,,,,,,
#093,,,,,,,,,,,,,,,,,,,,,,,,,1,,,,,,,,,,,
#094,,,,,,1,,,,,,,,,,1,,,,,,,,,,,,,,,,,,,,
#095,,,,,,,,1,,,,,,,,,,,,,,,,,,,,,,,,,,,,
#096,,,,,,,,,,,,,,,,,,,,,,,,,,1,,,,,,,,,,
#097,,,,,,,,,,,,,,,,,,,,,,,,,,,,,,,1,,,,,
#098,,,,,,,,,,,,,,,,,,,,,,1,,,,,1,,,,,,,,,
#099,,,,,,,,,,,,,,,,,,,,,,,,,,,,,,,,,,,,1
#100,,,,,,,,,,,,,,,,,,,,,,,,,,,,,,,,,1,,,
#101,,,,,,,,,1,,,,,,,,,,,,,,,,,,,,,,,,,,,
#102,,,,,,,,,,,,,,1,,,,,,,,,,,,,,,,,,,,,,
#103,,,,,,,,,,,,,,,,,,,,,1,,,,,,1,,,,,,,,,
#104,,,,,,,,,,,,,,,,,,,,,,,,,,,,,,,,,,,1,
#105,,,,,,,,,,,,,,,,,1,,,,,,,1,,,,,,,,,,,,
#106,,,,,,,,,,,,,,,,,,1,1,,,,,,,,,,,,,,,,,
#107,,,,,,,,,,,,,,,,,,,,1,,,,,,,,,,,,,,,,
#108,,,,,,,,,,,,,,,1,,,,,,,,,,,,,,,,,,,,,
#109,,,,,,,,,,,,,,,,,,,,,,,1,1,,,,,,,,,,,,
#110,,,,,,,,,,,,,,1,,,,,,,,,,,,,,,,,,,,,,
#111,,,,1,,,,1,,,,,,,,,,,,,,,,,,,,,,,,,,,,
#112,,,,,,,,,,,,,,,,,,,,,,,1,,,,,,,,,,,,,
#113,,,,,,,,,,,,,,,,,,,,,,,,,,,,,,,,,,,,1
#114,,,,,,,,,,,,,,,,,,,1,1,,,,,,,,,,,,,,,,
#115,,,,,,,,,1,,,,,,,1,,,,,,,,,,,,,,,,,,,,
#116,,,,,,,,,,,1,,,,,,,,,,,,,,,,,,,,,,,,,
#117,,,,,,,,,,,,,,,,,,,,,1,1,1,1,,1,,,,,,,,,,
#118,,,,,,,,,,1,,,,,,,,,,,,,,,,,,,,,,,,,,
#119,,,,,,,,,,,,,,,,,,,,,,,,,,,,,,,1,,,,,
#120,,,,,,,,,,,,,,,,,1,,,,,,,,,,,,,,,,,,,
#121,,,,,1,,1,,,,,,,,,,,,,,,,,,,,,,,,,,,,,
#122,,,,,,,,,,,,,,,,,,,,,,,,,,,,,,,,1,,,,
#123,,,,,,,,,,,1,,,1,,,,,,,,,,,,,,,,,,,,,,
#124,,,,,,,,1,,,,,,,,,,,,,,,,,,,,,,,,,,,,
#125,,,,,,,,,,,,,,,,,,,,,,,,1,,,1,,,,,,,,,
#126,,,,1,,,,,,,,,,,,,,,,,,,,,,,,,,,,,,,,
#127,,,,,,,,,,,,,,,,,,,,,,,1,,,,,,,,,,,,,
#128,,,,,,,,,,,,,,,,,,,,,,,,,,,,,,,,,,,,1
#129,,,,,,,,1,,,,,,,,,,,,,,,,,,,,,,,,,,,,
#130,,,,,,,,,,,,,,,,,,,,,,,,,,,,,,1,,,,,,
#131,,,,,,,,,,,,,,1,,,,,,,,,,,,,,,,,,,,,,
#132,,,,,1,,,,,,,,,,,,,,,,,,,,,,,,,,,,,,,
#133,,,,,,,,,,,,,,,,,,,,,,,,,,,1,,,,,,,,,
#134,,,,,,,,,,,,,,,,,,,,,,,,,,1,,,,,,,,,,
#135,,,,,,,,,,,,,,,,,,,,,,,1,,,,,,,,,,,,,
#136,,,,,,,,,,1,,,,,,,,,,,,,,,,,,,,,,,,,,
#137,,,,,,,,,,,,,,,,,,1,,,1,,,,,,,,,,,,,,,
#138,,,,,,,,,,,,1,,,,1,,,,,,,,,,,,,,,,,,,,
#139,,,,,,,,,,,,,,1,,,,,,,,,,,,,,,,,,,,,,
#140,,,,,,1,,,,,,,,,,,,,,,,,1,,,,,,,,,,,,,
#141,,,,,,,,,,,,,,,,,,,,,1,,,,1,,,,,,,,,,,
#142,,,,,,,,,,,,,,,,,,,,,,,,,,,1,,,,,,,,,
#143,,,,,,,,,,1,,,,,,,,,,,,,,,,,,,,,,,,,,
#144,,,,,,,,,,,,,,1,,,,,,,,,,,,,,,,,,,,,,
#145,,,,,,,,,,,,,,,,1,,,,,,,,,,,,,,,,,,,,
#146,,,,,,,,,,,,,,,,,1,,,,,,,,1,,,,,,,,,,,
#147,,,,,,,,,,,,,,,,,,,,,,,,,,,,1,,,,1,1,1,,1
#148,,,,,,,,,,,1,,,,,,,,,,,,,,,,,,,,,,,,,
#149,,,,,,,1,1,,,,,,,,,,,,,,,,,,,,,,,,,,,,
#150,,,,,,,,,,,,,1,,,,,,,,,,,,,,,,,,,,,,,
#151,,,,,,,,,,,,,,,,,,,,,,,,,,,,,,1,,,,,,
#152,,,,,,,,,,1,,,,,,,,,,,,,,,,,,,,,,,,,,
#153,,,,,,,,,,,,,,,,,,,,,,,,,,,,,,,,1,1,,,
#154,,,,,,,,,,,,,,,,,,,,,,,1,,,,,,,,,,,,,
#155,,,,1,,,,,,,,,,,1,,,,,,,,,,,,,,,,,,,,,
#156,,,,,1,,,,,,,,,,,,,,,,,,,,,,,,,,,,,,,
#157,,,,,,,,,,,,,,,,,,,,,,,,,1,,,,,,,,,,,
#158,,,,,,,,,,,,,,,,,,,,,,,,,,,,1,1,,,,,,1,
#159,,,,,,,,,,,,,,,1,,,,,,,,,,,,,,,,,,,,,
#160,,,,,,,,,,,,,,,,1,,,,,,,,,,,,,,,,,,,,
#161,,,,,,,,,1,,,,1,,,,,,,,,,,,,,,,,,,,,,,
#162,,,,,,,,,,,,,,,,,,,,,,,,1,,,,,,,,,,,,
#163,,,,,,,,,,,1,,,1,,,,,,,,,,,,,,,,,,,,,,
#164,,,,,,,,,,,,,,,,1,,,,,,,,,,,,,,,,,,,,
#165,,,,,,,,,1,1,,,,,1,,,,,,,,,,,,,,,,,,,,,
#166,,,,,,,,,,,,,,,,,,,,,1,,,,1,,,,,,,,,,,
#167,,,,,,,,,,,,,,,,,,,,,,,,,,,1,,,,,,,,,
#168,,,,,,,,,,,,,,,1,,,,,,,1,,,,,,,,,,,,,,
#169,,,,,,,,,,,,,,,,,,,,,,,,,1,,,,,,,,,,,
#170,,,,,,,,,,,,,,,,,,,,,,,1,,,1,,,,,,,,,,
#171,,,,,,,,,,,,,,,,,,,,,1,,,,,,,,,,,,,,,
#172,,,,,,,,,,,,,,,,,,,,,,,,,,,,,,1,,,,,,
#173,,,,,,,,,,,,1,,,,,,,,,,,,,,,,,,,,,,,,
#174,,,,,,,,,,,,,,,,,,,,,,,,,,,,1,,,,,,,,
#175,,,,,,,,,,,,,1,,,,,,,,,,,,,,,,,,,,,,,
#176,,,,,,,,,,,1,,,,1,,,,,,,,,,,,,,,,,,,,,
#177,,,,,,,,,,,,,,,,,,,,,,,,,1,,,,,,,,,,,
#178,,,,,,,,,,,,,,,,,,,,,,,,1,,,,,,,,,,,,
#179,,,,,,,,,,1,,,,,,,,,,,,,,,,,,,,,,,,,,
#180,,,,,,,,,,,1,,,,,1,,,,,,,,,,,,,,,,,,,,
#181,,,1,,,,,,,,,,,,,,,,,,,,,1,,,,,,,,,,,,
#182,,,,,,,,,,,,,,,,,,,,,,,,,,,,,,,1,1,,1,,
#183,,,,,,,,,,,,,,,,,,,,,,,1,,,1,,,,,,,,,,
#184,,,,,,,,,,,,,,,1,,,,,,,,,,,,,,,,,,,,,
#185,,,,,,,,,,,,,,,,,,1,1,1,1,,1,1,1,,1,,,,,,,,,
#186,,,,,,,,,,,1,,,,,,,,,,,,,,,,1,,,,,,,,,
#187,,,,,,,1,,,,,,,,,,,,,,,,,,,,,,,,,,,,,
#188,,,,,,,,,,,,,,,,,,,,,,,,,,,,1,,,,,,,,
#189,,,,,,,,,,,,,,,,,,1,1,,,,,,,,,,,,,,,,,
#190,,,,,,,,,,,,,,,,,,,,,,,,,,1,,,,,,,,,,
#191,,,,,,,,,,,,,,,,,,,,,,,,,1,,,,,,,,,,,
#192,,,,,,,,,,,,,,,,,,,,,,,,,,,,,1,,,,,,,
#193,,,,,1,,,,,,,,,,,,,,,,,,,,,,,,,,,,,,,
#194,,,,,,,,,,,,,,,,,,,,,,,,,,,,,,,,1,,1,,
#195,,,,,,,,,1,1,,,,,1,1,,,,,,,,,,,,,,,,,,,,
#196,,,,,,,,,,,,,,,,,,1,,,,,,,,,,,,,,,,,,
#197,,,,,,1,,,,,,,,,,,,,,,,,,,,1,,,,,,,,,,
#198,,,,,,,,,,,,,,1,1,,,,,,,,,,,,,,,,,,,,,
#199,,,,1,1,1,,,,,1,,,,,1,,,,,,,,,,,,,,,,,,,,
#200,,,,,,,,,,,,,,,,,,,,,,,,,1,,,,,,,,,,,
#201,,,,1,,,,,,,,,,,,1,,,,,,,,,,,,,,,,,,,,
#202,,,,,,,,,,1,,,,1,,,,,,,,,,,,,,,,,,,,,,
#203,,,,,,,,,,,,,,,,,,,,,,,,,,,1,,,,,,,,,
#204,,,,,,1,,,,,,,,,,,,,,,,,,,,,,,,,,,,,,
#205,,,,,,,,,,,1,,,,1,,,,,,,,,,,,,,,,,,,,,
#206,,,,,,,,,,,,,,,,1,,,,,,,,,,,,,,,,,,,,
#207,,,,,,,,1,,,,1,,,,,,,,,,,,,,,,,,,,,,,,
#208,,,,,,,,,,,1,,,,,,,,,,,,,,,,,,,,,,,,,
#209,,,,,,,,,,,,,,,1,,,,,,,,,,,,,,,,,,,,,
#210,,,,,,,,,,,,,,,,,,,,,,,,,,,,1,1,1,1,1,1,1,1,1
#211,,,,,,,,,,,,,,1,,,,,,,,,,,,,,,,,,,,,,
#212,,,,,,,,,,,,,,,,,1,,,,,,,,,,,,,,,,,,,
#213,,,,,,,,,,,,,,,,,,,,,1,,,,,,1,,,,,,,,,
#214,,,,,,,,,,,,,,,1,,,,,,,,,,,,,,,,,,,,,
#215,,,,,,,,,,,,,,,,,,,,,,,,,,,,,,,,,,,1,1
#216,,,,,,,,,,,,,,,,,1,,,,,,1,,,,,,,,,,,,,
#217,,,,,,,,,,,,,,,,,,,,,,,,,,1,,,,,,,,,,
#218,,,,,,,,,,,,,,,,,,1,,,,,,,,,,,,,,,,,,
#219,,,,,,,,,,,1,,,,,,,,,,,,,,,,,,,,,,,,,
#220,,,,1,,,1,,1,,,1,,,,,,,,,,,,,,,,,,,,,,,,
#221,,,,,,,,,,,,,,1,,,,,,,,,,,,,,,,,,,,,,
#222,1,,,,,,,,,,,,,,1,1,,,,,,,,,,,,,,,,,,,,
#223,,,,,,,,,,,,,,,,,,,,,1,1,,,,,,,,,,,,,,
#224,,,,,,,,,,,1,,,,,,,,,,,,,,,,,,,,,,,,,
#225,,,,,,,,,,,,,,,,,,,,,,,1,,,,,,,,,,,,,
#226,,,,,,,,,,,1,,,1,,1,,,,,,,,,,,,,,,,,,,,
#227,,,,,,,,,,,,,,,,,,1,,,,,,,,,,,,,,,,,,
#228,,,,,,,,,,,,,,,,,,,,,,,,,1,,,,,,,,,,,
#229,,,,,,,,,,,,,,,,1,,,,,,,,,,,,,,,,,,,,
#230,,,,,,,,,,1,,,,,1,,,,,,,,,,,,,,,,,,,,,
#231,,,,,,,,,,,,,,,,,,,,,,1,,,,,,,,,,,,,,
#232,,,,,,,,,1,,,,,,,,,,,,1,,,,,,,,,,,,,,,
#233,,,,,,,,,,,,,,1,,1,,,,,,,,,,,,,,,,,,,,
#234,,,,,1,,,,,,,,,,,,,,,,,,,,1,,,,,,,,,,,
#235,,,,,,,,,,,,,,,,,,,,,,,,,,1,,,,,,,,,,
#236,,,,,,,,,,,,,,,,,,,,,,,1,,,,,,,,,,,,,
#237,,,,,,,,,,,,1,,,,,,,,,,,,,,,,,,,,,,,,
#238,,,,,,,,,,,,,,,,,,,,,,,,,,,1,,,,,,,,,
#239,,,,,,,,,,,1,,,,,,,,,,,,,,,,,,,,,,,,,
#240,,,,,,,,,,,,,,,,,1,,,,,,,1,,,,,,,,,,,,
#241,,,,,,,1,,,,,,,,,,,,,,,,,,,,,,,,,,,,,
#242,,,,,,,,,,,,,,1,,1,,,,,,,,,,,,,,,,,,,,
#243,,,,,,,,,,,,,,,,,,,,,1,,1,,,,,,,,,,,,,
#244,,,,,,,,,,,,,,,,,,,,,,,,,,1,,,,,,,,,,
#245,,,,,,,,,,,,,,,,,,1,,1,,,,,,,,,,,,,,,,
#246,,,,,,,,,,,,,,,,,1,,,,,,,,,,,,,,,,,,,
#247,,,,,,,,,,,,,,,,,,,,,,,,1,,,,,,,,,,,,
#248,,,,,,,,,,,,,1,,,,,,,,,,,,,,,,,,,,,,,
#249,,,,,,,,,,,,,,,,,,,,,,1,,,,,,,,,,,,,,
#250,,,,,,,,,,,,,,,,,,,1,,,,,,,,,,,,,,,,,
#251,,,,,,,,,1,,,,,,,,,,,,,,,,,,,,,,,,,,,
#252,,,,,,,,,,,1,,,,,1,,,,,,,,,,,,,,,,,,,,
#253,,,,,,,,1,,,,,,,,1,,,,,,,,,,,,,,,,,,,,
#254,,,,,,,,,,1,,,,,,,,,,,,,,,,,1,,,,,,,,,
#255,,,,,,,,,,,,,,,,,,,,,,,1,,,,,,,,,,,,,1
#256,,,,,,,,,,,,1,,,,,,,,,,,,,,,,,,,,,,,,
#257,,,,,,,,,1,,,,,,,1,,,,,,,,,,,,,,,,,,,,
#258,,,,,,,1,,,,,,,,,,,,,,,,,,,,,,,,,,,,,
#259,,,,,,,,,,,,,,,,,,,,,,,,,,,,1,,,1,,,,,
#260,,,,,,,,,,,,,,,1,1,,,,,,,,,,,,,,,,,,,,
#261,,,,,,,,,,,,,,,,,,,,,,,,,1,1,,,,,,,,,,
#262,,,,,,,,,,,,,,,,1,,,,,,,,,,,,,,,,,,,,
#263,,,,,,,,,,,,,,,,,1,1,,,,,,,,,,,,,,,,,,
#264,,,,,,,,,,,,,,,,,,,,,,,,,,,,,,,,,,,,1
#265,,,,,,,,,,,,,1,1,,,,,,,,,,,,,,,,,,,,,,
#266,,,,,,,,,,,,,,,,,,,,,,,,,,,1,,,,,,,,,
#267,,,,,,1,,,,,,,,,,,,,,,,,,,,,,,,,,,,,,
#268,,,,,1,,,,,,,,,,,,,,,,,,,,,,,,,,,,,,,
#269,,,,,,,,,,,,,,,,,,,,,,,,,,,1,,,,,,,,,
#270,,,,,,,,,,,,,,,,,,,,,,,1,,1,,,,,,,,,,,
#271,,,,,,,,,,,,,,,,,,,,,,,,,,,,,,,,,1,,,
#272,,,,,,,,,,,1,,,,,1,,,,,,,,,,,,,,,,,,,,
#273,,,,,,,,,,1,,,,,,,,,,,,,,,,,,,,,,,,,,
#274,,,,,,,,,,,,,,,,,,,,1,,,,,,,,,,,,,,,,
#275,,,,,,,,,,,,,,,,,,,,,,,,,,,,,1,,,,,,,
#276,,,,1,,,,,,,,,,,,,,,,,,,,,,,,,,,,,,,,
#277,,,,1,,1,,,,1,1,1,,1,1,1,,,,,1,1,1,,1,,1,,,,,,,,,
#278,,,,,,,,,,,,,,,,,,,,,,,,,,,,,1,,,,,,,
#279,,,,,,,,,,,,,,,,,1,,,,1,1,,1,,,,,,,,,,,,
#280,,,,,,,,,,,1,,,,,1,,,,,,,,,,,,,,,,,,,,
#281,,,,,,,,,,,,,,,1,,,,,,,,,,,,,,,,,,,,,
#282,,,,,,1,,,,,,,,,,,,,,,,,,,,,,,,,,,,,,
#283,,,,,,,,,,1,,,,,1,,,,,,,,,,,,,,,,,,,,,
#284,,,,,,,,,,,,,,,,,,,1,,,,,,,,,,,,,,,,,
#285,,,,,,,,,,,,,,1,,1,,,,,,,,,,,,,,,,,,,,
#286,,,,,,1,,,,,,,,,,,,,,,,,,,,,1,,,,,,,,,
#287,,,,,,,,,,,,,,,,,,,,,,,,,,1,,,,,,,,,,
#288,,,,,,,,,,,,,,,,,1,,1,,,,,,,,,,,,,,,,,
#289,,,,,,,,,,,1,,,,,,,,,,,,,,,,,,,,,,,,,
#290,,,,,,,,1,,,,,,,,,,,,,,,,,,,,,,,,,,,,
#291,,,,,,,,,,,,,,,,,,,1,,,,,,,,,,,,,,,,,
#292,,,,,,1,,,,,,,,,,,,,,,,,,,,,,,,,,,,,,
#293,,,,,,,,,,,,,,,,,,,,,,,,,,,,,,,,1,,,,
#294,,,,,,,1,,,,,,,,,,,,,,,,,,,,,,,,,,,,,
#295,,,,,,,,,,,,,,,,,,,,,1,,,,1,,1,,,,,,,,,
#296,,,,1,,,,,,,,,,,,1,,,,,,,,,,,,,,,,,,,,
#297,,,,,,,,,1,,,,,,,,,,,,,,,,,,,,,,,,,,,
#298,,,,,,,,,,,,,,,,,,,,,,,,,,,,,,,,,,1,,
#299,,,,,,,,,,,,,,,,,,,,,,,,1,1,,,,,,,,,,,
#300,,,,,,,,,,1,,,,,,,,,,,,,,,,,,,,,,,,,,
#301,,,,,,,,,,,1,,,,,,,,,,,,,,,,1,,,,,,,,,
#302,,,,,,,,,,,,,,1,,,,,,,,,,,,,,,,,,,,,,
#303,,,,,,1,,,,,,,,,,,,,,,,,,,,,,,,,,,,,,
#304,,,,,,,,,,,,,,,,,,,,1,1,1,1,1,,,,,,,,,,,,
#305,,,,,,,,,,,,,,,,1,,,,,,,,,,,,,,,,,,,,
#306,,,,,,,,,,,,,,,,,,,,,1,,,,1,,,,,,,,,,,
#307,,,,,1,1,,,,,,,,1,,,,,,,,,1,,,,,,,,,,,,,
#308,,,,,,,,,,,,,,,,,,,,,,,,,1,,,,,,,,,,,
#309,,,,,,,,,,1,,,,,,1,,,,,,,,,,,,,,,,,,,,
#310,,,,,,,,,,,,,,,,,,,,,,1,,,,,,,,,,,,,,
#311,,,,,,1,,,,,,,,,,,,,,,,,,,,,,,,,,,,,,
#312,,,,,,,,,,,,,,,,,1,,,,,,1,,,,,,,,,,,,,
#313,,,,,,,,,,,,,,,1,,,,,,,,,,,,,,,,,,,,,
#314,,,,,,,,,,,,,,,,,,,,,1,,,,,,,,,,,,,,,
#315,,,,1,,,,,,,,,,,,,,,,,,,,,,,,,,,,,,,,
#316,,,,,,,,,,,,,1,,1,,,,,,,,,,,,,,,,,,,,,
#317,,,,,,,,,,,,,,,,,,,,,,,,,,,,,1,1,,,,,,
#318,,,,,,,1,1,,,,,,,,,,,,,,,,,,,,,,,,,,,,
#319,,,,,,,,,,,,,,,,,,,,1,,1,,,,,,,,,,,,,,
#320,,,,,,,,,,,,,,,,,,,,,,,,,,,,,1,,,,,,,
#321,,,,,,,,1,,,,,,,,,,1,,,,,,,,,,,,,,,,,,
#322,,,,,,,,,,,,,,,,,,,,,,,1,,,1,,,,,,,,,,
#323,,,,,,,,,1,,,,,,,,,,,,,,,,,,,,,,,,,,,
#324,,,,,,,,,,,1,,,,,,,,,,,,,,,,,,,,,,,,,
#325,,,,,,,,,,,,,,1,,1,,,,,,,,,,,,,,,,,,,,
#326,,,,,1,,,,,,,,,,,,,,,,,,,,,,,,,,,,,,,
#327,,,,,,,,1,,,1,,,,,,,,,,,,,,,,,,,,,,,,,
#328,,,,,,,,,,,,,,,,,,,,,,,,,,,,,,,,,,1,1,
#329,,,,,,,,,,,,,,,,,,,,,,,1,,,,,,,,,,,,,
#330,,,,,,,,,,,,,,,,,,,,,,,,,,,,1,,,,,,,,
#331,,,,,,,,,,,,,,,,,,,1,,,,,,,,,,,,,,,,,
#332,,,,,,,,,,,,,,,,,,,,,,,,,,,,1,,,,1,,,,
#333,,,,,,,,,,,,,,,,,1,1,,,,,,,,,,,,,,,,,,
#334,,,,,,,,,,,1,,,,1,,,,,,,,,,,,,,,,,,,,,
#335,,,,,,1,,,,,,,,,,,,,,,,,,,,,,,,,,,,,,
#336,,,,,,,,,,,,,,,,,,,,,1,,,,,,,,,,,,,,,
#337,,,,,,,,,,,,,,,,,1,,,,,,,,,,,,,,,,,,,
#338,,,,,,,,,,,,,,,,,,,,,,,,,,,,,1,,,,,,,
#339,,,,,,,,,,,,,,,,,,,,,,,,,,,1,,,,,,,,,
#340,,,,,,,,,,,1,,,,,,,,,,,,,,,,,,,,,,,,,
#341,,,,,,,,,,,,,,,,,,,,,,,,,,,,,,,,,,,,1
#342,,,,,,,,,,,,,,,,,,,,,,,1,,,,,,,,,,,,,
#343,,,,,,,,,,,,,,,,,,,,,,,,,,,,,,,,,1,,1,
#344,,,,,,,,,,,,1,,,,,,,,,,,,,,,,,,,,,,,,
#345,,,,,,,,,,1,,,,,,,,,,,,,,,,,,,,,,,,,,
#346,,,,,,,,,,,,,,,,,,,,,1,,,,,,1,,,,,,,,,
#347,,,,,,,,,,,,,,,,1,,,,1,,,,1,,,,,,,,,,,,
#348,,,,,,,,,,,,,,,,,,,,,,,,,1,,1,,,,,,,,,
#349,,,,,,,,,,,,,,,,,,,,,,,,,,,,,,1,,,,,,
#350,,,,,,,1,,,,,,,,,,,,,,1,,,,,,,,,,,,,,,
#351,,,,,,,,,,,,,,,,,,,,,,,,,,,,,,,1,,,,,
#352,,,,,,,,,,,,,,,,,,,,1,,,,,,,,,,,,,,,,
#353,,,,,,,,,1,,,,,,,,,,,,,,,1,,,,,,,,,,,,
#354,,,,,,,,,,,,,,,,,,,,,,,,,,,,1,,,,,,1,,
#355,,,,,,,,,,,,,,,,,,,,,,,,,,,,,,,,1,,,,
#356,,,,,,,,,,,,,,,,,,,,,,,1,,,1,,,,,,,,,,
#357,,,1,,,,,,,,,,,,,,,,,,,,,,,,,,,,,,,,,
#358,,,,,,,,,,,,,,,,,,,,,,,,,,,,1,1,,1,,,,,1
#359,,,,,,,,,1,,,,,,,,,,,,,,,,,,,,,,,,,,,
#360,,,,,,,,,,,,,,,,,,1,,1,,,,,,,,,,,,,,,,
#361,,,,,,,,,,,,,,,,,,,,,,,1,1,,,,,,,,,,,,
#362,,,,,,,,,,,1,,,,,1,,,,,,,,,,,,,,,,,,,,
#363,,,,,,,,,,,,,,,,,,,,,,,,,,,,1,1,1,1,1,1,1,1,1
#364,,,,,,,,,,,,,,,,,,,,,1,,,,,,,,,,,,,,,
#365,,,,,,,,,,,1,,1,,,1,,,,,,,,,,,,,,,,,,,,
#366,,,,,,,,,,,,,,,,,,,,,,,,,1,,,,,,,,,,,
#367,,,,,,1,,,,,,,,,,,,,,,,1,,,,,,,,,,,,,,
#368,,,,,,,,,,,,,,,,,,,,,,,,,,,,,,,1,,,,,
#369,,,,,,,,,,,,,,,,,,,,,,,,,,,1,,,,,,,,,
#370,,,,,,,,,,,,,,,,,,,,,,,,1,,,,,,,,,,,,
#371,,,,,,,,,,,,,,,,,,,,,,,,,,,,,,,,,,1,,
#372,,,,,,,1,,,,,,,,,,,,,,,,,,,,,,,,,,,,,
#373,,,,,,,,,,,,,,,,,,,,,,,,,,,,,,,,,,,1,
#374,,,,,1,,,,,,,,,,,,,,,,,,,,,,,,,,,,,,,
#375,,,,,,,,,,1,,,,,1,,,,,,,,,,,,,,,,,,,,,
#376,,,,,,,,,,,,,,1,,,,,,,,,,,,,,,,,,,,,,
#377,,,,,,,,,,,,,,,,,,,,,,,,,,,,,,,,1,,,,
#378,,,,,,,,1,,,,,,,,,,,,,,,,,,,,,,,,,,,,
#379,,,,,,,,,,,,,,,,,,,,,,,,,,,,,,,,,,,1,
#380,,,,,,,,,,,,,,,,,,,,,,,,,,,,,,1,,,,,,
#381,,,,,1,,,,,,,,,,,,,1,1,,,,,,,,,,,,,,,,,
#382,,,,1,,,,,,,,,,,,,,,,,,,,,,,,,,,,,,,,
#383,,,,,,,,,,,,,,,,1,,,,,,,,,,,,,,,,,,,,
#384,,,,,,,,,,,,,,,,,,,,,,,,1,,,,,,,,,,,,
#385,,,,,,,,,,,,,,,,,,,,,,,,,,,,,,,,1,1,,,
#386,,,,,,,,,,,,,,,1,,,,,,,,,,,,,,,,,,,,,
#387,,,,,,,,,,,,,,,,,,1,,,,,,,,,1,,,,,,,,,
#388,,,,,,,,,,,,,,,,,,,,,,,,,,,,1,,,,,,,1,
#389,,,,,,,,,,,,,,,,1,,,,,,,,,,,,,,,,,,,,
#390,,,,,,,,,,,,,,,,,,,,,,,,,,1,,,,,,,,,,
#391,,,,,,1,,,1,1,,,,1,1,1,,,,,,,,,,,,,,,,,,,,
#392,,,,,,,,,,,,,,,,,,,,,,,,,1,,,,,,,,,,,
#393,,,,,,,,,,,,,1,,,1,,,,,,,,,,,,,,,,,,,,
#394,,,,,,,,,,1,,,,,,,,,,,1,,,,,,,,,,,,,,,
#395,,,,,,,,,,,1,,,,,,,,,,,,,,,,,,,,,,,,,
#396,,,,,,,,,,1,,,,,,1,,,,,,,,,,,,,,,,,,,,
#397,,,,,,,,,,,,,,,,,,,,,,,1,,,,,,,,,,,,,
#398,,,,,,,,,,,,,,,,,,,,1,,1,,,,,,,,,,,,,,
#399,,,,,,,,,,,,,,,,,,,,,,,1,,,,,,,,,,,,,
#400,,,,,,,,,,,,,,,,,,,,,1,,,,,,,,,,,,,,,
#401,,,,,,,,,,,,,,,,,,,,,,,,,,,,,,,,1,1,,,
#402,,,,,,,,,,,,,,,,,,,,,,,,,,,1,,,,,,,,,
#403,,,,,,,,,,,,,,,1,1,,,,,,,,,,,,,,,,,,,,
#404,,,,,,,,,,1,,,,,,,,,,,,,,,,,,,,,,,,,,
#405,,,,,,,,,,,,,1,,,,,,,,,,,,,,,,,,,,,,,
#406,,,,,,,,,,,,,,,,,,,,,,,,,,,,,,,1,,,,,
#407,,,,,,1,,,,,,,,,,,,,,,,,,,,,,,,,,,,,,
#408,,,,,,,,,,,,,,1,,,,,,,,,,,,,,,,,,,,,,
#409,,,,,,,,,,,1,,,,,,,,,,,,,,,,,,,,,,,,,
#410,,,,,,,,,,,,,,,,,,1,,,1,,,,1,,1,,,,,,,,,
#411,,,,,,,,,,,,1,,,,1,,,,,,,,,,,,,,,,,,,,
#412,,,,,,,,,,,,,,,,,1,,,,,,,,,,,,,,,,,,,
#413,,,,,,,,,,,,,,,,,,,,,,,,,,,,,,1,,,,,,
#414,,,,,,1,,,,,,,,,,,,,,,,,,,,1,,,,,,,,,,
#415,,,,,,,,,,,,,,,,,,,1,,,,,,,,,,,,,,,,,
#416,,,,,,,,,,,,,1,,,,,,,,,,,,,,,,,,,,,,,
#417,,,,,,,,,,,1,,,,,,,,,,,,,,,,,,,,,,,,,
#418,,,,,,,,,,,,,,,,,,,,,,,,,,,,1,,,,,,,,1
#419,,,,,,,,,,,,,,,,,,,,,1,,,,,,,,,,,,,,,
#420,,,,,,,,,,,,,,,,,,,,,,,,,,,,,,,,,,1,,
#421,,,,,,,,,,,,,,,,,,,,,,,1,,,,,,,,,,,,,
#422,,,,,,,,,,,,,1,1,,,,,,,,,,,,,,,,,,,,,,
#423,,,,,,,,,,,,,,,,,,,,,,,,,,1,,,,,,,,,,
#424,,,,,,,1,,,,,,,,,,,,,,,,,,,,,,,,,,,,,
#425,,,,,,,,,,,,,,,,1,,,,,,1,,,,,,,,,,,,,,
#426,,,,,,,,,,,,,,,,,1,1,,,,,,1,,,,,,,,,,,,
#427,,,,,,,,,,,,,1,,,1,,,,,,,,,,,,,,,,,,,,
#428,,,,,,,,,,,,,,,,,,,,,,,,,,,,1,,,,1,,,,
#429,,,,,,,,,,1,,,1,,,,,,,,,,,,,,,,,,,,,,,
#430,,,,,,,,,,,,,,,,,,,,,,,,,1,,,,,,,,,,,
#431,,,,,,,,,,,1,,,,,,,,,,,,,,,,,,,,,,,,,
#432,,,,,,,,,,,,,,,,,,,,,,,1,,,1,,,,,,,,,,
#433,,,,,,,,,,,,,,,,,,,,,,,,,,,1,,,,,,,,,
#434,,,,,,,,,,,,,1,,,,,,,,,,,,1,,,,,,,,,,,
#435,,,,,,,,,,,,,,,,,,,,,,,,,,,,,,,,1,,,,1
#436,,,,,,,,,,,,,,1,,,,,,,,,,,,,,,,,,,,,,
#437,,,,,,,,,,,,,,,,,,,,,1,1,,,,,,,,,,,,,,
#438,,,,,,,,,1,1,1,,1,1,1,1,,,,,1,1,1,,,1,1,,,,,,,,,
#439,,,,,,,,,,,1,,,,,,,,,,,,,,,,,,,,,,,,,
#440,,,,,,,,,,,,,1,,,1,,,,,,,,,,,,,,,,,,,,
#441,,,,,,,,,,,,,,,,,,,,,,,,,,,,,,,,1,,,,
#442,,,,,,,,,,,,,,1,,,,,,,,,,,,,,,,,,,,,,
#443,,,,,,,,,1,,,,,,,,,,1,,,1,,,,,,,,,,,,,,
#444,,,,,,1,,,,,,,,,,,,,,,,,,,,,,,,,,,,,,
#445,,,,,,,,,,,,,,,,,,1,,1,,1,,,1,1,,,,,,,,,,
#446,,,,,,,,,,,1,,,,,1,,,,,,,,,,,,,,,,,,,,
#447,,,,,,,,,,,,,,,1,,,,,,,,,,,,,,,,,,,,,
#448,,,,,,,,,,,,,,,,1,,,,,,,,,,,,,,,,,,,,
#449,,,,,,,,,,,1,,,,,,,,,,,,,,,,,,,,,,,,,
#450,,,,,,,,,,,,,,,,,,,,,,,1,,,,,,,,,,,,,
#451,,,,,,,,,,,,,,,,,,,,,,,,,,,1,,,,,,,,,
#452,,,,,,,,,,,,,,1,,,,,,,,,,,,,,,,,,,,,,
#453,,,,,,,,,,1,,,,,,,,,,,,,,,,,,,,,,,,,,
#454,,,,,,,,,,,,,,,,,,,,,,,,,1,,,,,,,,,,,
#455,,,,,,,,,,,,,,,,,,,,,,,,1,,,,,,,,,,,,
#456,,,,,,,,,,,,,,,,,,,,,,,,,,,,,,,,,1,,1,
#457,,,,,,,,,,1,,,,,,,,,,,,,,,,,,,,,,,,,,
#458,,,,,,,,,,,,,,,,,,,1,,,,,,,,,,,,,,,,,
#459,,,,,,,,,,,,,1,,1,,,,,,,,,,,,,,,,,,,,,
#460,,,,,,,,,,,,,,,,,,,,,1,,,,,,,,,,,,,,,
#461,,,,,,,,,,,,,,,1,,,,,,,,,,1,,,,,,,,,,,
#462,,,,,,,,,,,,,,1,,,,,,,,,,,,,,,,,,,,,,
#463,,,,,,,,,,,,,,,,,,,,,,,,,,,,,,,,,1,,,
#464,,,,,,,,,,,,,,,,,,,,,,1,,,,,1,,,,,,,,,
#465,,,,1,,,,,,,,,1,,1,1,,,,,,,,,,,,,,,,,,,,
#466,,,,,,,,,,,,,,,,,,,,,,,,,,,,,,,,,1,,,
#467,,,,,,,,1,,,,1,,,,,,,,1,,,,,,,,,,,,,,,,
#468,,,,,,,,,,,,1,,,,,,,,,,,,,,,,,,,,,,,,
#469,,,,,,,,,,,,,,,,,,,,,,,,1,,,,,,,,,,,,
#470,,,,,,,,,,,,,,,,,,,,,,,,,,,,1,,,,,,,,
#471,,,,,,,,,,,,,,1,,,,,,,,,,,,,,,,,,,,,,
#472,1,,,,,,,,,,,,,,,,,,,,,,,,,,,,,,,,,,,
#473,,,,,,,,,,,,,,,,,,,,,,,,,,,,,,1,1,,,,,
#474,,1,,,,,,,,,,,,,,,,,,,,,,,,,,,,,,,,,,
#475,,,,,,,,,,,,,,,,,1,,,,,,,1,1,,,,,,,,,,,
#476,,,,,1,,,,,,,,,,,1,,,,,,,,,,,,,,,,,,,,
#477,,,,,,,,,,,,,,1,,,,,,,,,,,,,1,,,,,,,,,
#478,,,,,,,,,,,,,,,,,,,,,,1,,,,,,,,,,,,,,
#479,,,,,,,,,,,,,,,,,,,,,,,,1,,,,,,,,,,,,
#480,,,,1,,,,,,,,,1,,,,,,,,,,,,,,,,,,,,,,,
#481,,,,,,,,,,,,,,,,,,,,,,,,,,,1,,,,,,,,,
#482,,,,,,,,,,,,1,,,,,1,,,,,,,,,,,,,,,,,,,
#483,,,,,,,,,,,,,,,,,,,,1,,,,,,,,,,,,,,,,
#484,,,,,,,1,,,,,,,,,,,,,,,,,,,,,,,,,,,,,
#485,,,,,,1,,,,1,,,,,,,,,,,,,,,,,,,,,,,,,,
#486,,,,,,,,,,,,,,,,,,,,,,,1,1,,,,,,,,,,,,
#487,,,,,,,,,,,,,,1,,,,,,,,,,,,,,,,,,,,,,
#488,,,,,1,,,,,,,,,,,,,,,,,,,,,,,,,,,,,,,
#489,,,,,,,,,,,1,,,,,,,,,,,,,,,1,,,,,,,,,,
#490,,,,,,,,,,,,,,,,,,,,,,,,,,,,1,,,,,,1,,
#491,,,,,,,,,,,,,1,,,,,,,,,,,,,,,,,,,,,,,
#492,,,,,,,,,,,,,,,,1,,,,,,,,,,,,,,,,,,,,
#493,,,,,,,,,,,,,,,,,,,1,,,,,,,,,,,,,,,,,
#494,,,,,,,,,,,,,,,,,,,,,,,,,,,,,,,1,,1,,,
#495,,,,,,,,,1,,,,,,,,,,,,,,,,,,,,,,,,1,1,,
#496,,,,,,,,,,,,,,,,,,,,,,,,,1,,,,,,,,,,,
#497,,,,,,,,,,1,,,,,,,,,,,,,,,,,,,,,,,,,,
#498,,,,,,,,,,,,,,,,,,,,1,,,,,,,,,,,,,,,,
#499,,,,,,,,,,,,,1,,,1,,,,,,,,,,,,,,,,,,,,
#500,,,,,,,,,,,,,,1,,1,,,,,,,,,,,,,,,,,,,,
#501,,,,,,,,,,,,,,,,,,,,,,,,,,1,,,,,,,,,,
#502,,,,,,,,,,,,,,1,,,,,,,1,,,,,,,,,,,,,,,
#503,,,,,,,,,,,,,,,,,,,,,,,,,1,,,,,,,,,,,
#504,,,,,,,,,,,,,,,,,1,1,,,,,,,,,,,,,,,,,,
#505,,,,,,,,,,,1,,,,,1,,,,,,,,,,,,,,,,,,,,
#506,,,,,,,,,,,,,,,,1,,,,,,,,,,,,,,,,,,,,
#507,,,,,,,,,,,,,,,,,,,,,,,,,,,,1,,,,1,,,,
#508,,,,,,,,,,,,,,1,,,,,,,,,,,,,,,,,,,,,,
#509,,,,,,,,,,,,,,,,,,,,,,,,,,,,,,,,,,,1,
#510,,,,,,,,,,,,,,,,,,,,,,,1,,,1,,,,,,,,,,
#511,,,,,,,,,,,,,,,,,,,,,,,,,,,,,,,,,1,,,
#512,,,,,,,,,,,,,,,,,,,,,,,,,1,,,,,,,,,,,
#513,,,,,,,,,,,,,,,,,1,,,,,,,,,,,,,,,,,,,
#514,,,,,,,,,,,,,,,,,,,,,,,,,,,1,,,,,,,,,
#515,,,,,,,,,,,1,,,,1,,,,,,,,,,,,,,,,,,,,,
#516,,,,,,1,,,,,,,,,,1,,,,,,,,,,,,,,,,,,,,
#517,,,,,,,,,,,1,,,,,,,,,,,,,,,,,,,,,,,,,
#518,,,,,,,,,,1,,,,,1,,,,,,,,,,,,,,,,,,,,,
#519,,,,,,,,,,,,,,,,,,,,,,,,,,1,,,,,,,,,,
#520,,,,,,,,,,,,,,,,,,,,,,,1,,,,,,,,,,,,,
#521,,,,,,,,,,,,,,,,,,,,,1,,,,,,,,,,,,,,,
#522,,,,,,,,,,,,,,,,,,1,,,,,,,,,,,,,,,,,,
#523,,,1,,,,,1,,,,,,,,,,,,,,,,,,,,,,,,,,,,
#524,,,,,,,1,,,,,,,,,,,,,,,,,,,,,,,,,,,,,
#525,,,,,,,,,,,,,,,,,,,,,,1,,,,,,,,,,,,,,
#526,,,,,,,,,,,,,,1,,,,,,,,,,,,,,,,,,,,,,
#527,,,,,,,,,,,,,,,,,,,,,,1,,,,,,,,,,,,,,
#528,,,,,,,,,,,,,,,,,,,,,,,,1,,,,,,,,,,,,
#529,,,,,,,,,,,1,,,,,,,,,,,,,,,,,,,,,,,,,
#530,,,,,,,,,,,,,,,,,,,1,1,,,,,,,,,,,,,,,,
#531,,,,,,,,,,,,,,,,,1,,,,,,,1,1,,,1,1,1,1,1,1,1,1,1
#532,,,,,,,,,,,,1,,,,,,,,,,,,,,1,,,,,,,,,,
#533,,,,,,,,,,,,,,,,,,,,,,,,,,,,,1,,,,,,,
#534,,,,,,,,,,,,,,,,1,,,,,,,,,,,,,,,,,,,,
#535,,,,,,,,,,,,,,1,,,,,,,,,,,,,,,,,,,,,,
#536,,,,,,,,,1,,,,,,,,,,,,,,,,,,,,,,,,,,,
#537,,,,,,,,,,,1,,,,,,,,,,,,,,,,,,,,,,,,,
#538,,,,,,,,,,,,,,,1,,,,,,,,,,,,,,,,,,,,,
#539,,,,,,,,,,,,,,,,,,,,,,,,,,,,,,,,1,,,1,
#540,,,,,,,,,,,,,,,,,,,,,,,,,,,,,,1,,,,,,
#541,,,,,,,,,,,,,,,,,,,,,1,,1,,,,,,,,,,,,,
#542,,,,,,,,,,,,,1,1,,1,,,,,,,,,,,,,,,,,,,,
#543,,,,,,,,,,1,,,,,1,,,,,,,,,,,,,,,,,,,,,
#544,,,,,,,,,,,,,,,,,,,,,,,1,,,,,,,,,,,,,
#545,,,,,,,,,,,,,,,,,,,,,,,,,1,,,,,,,,,,,
#546,,,,,,1,,,,,,,,,,,,,,,,,,,,,,,,,,,,,,
#547,,,,,,,,,,,,,,,1,,,,,,,,,,,,,,,,,,,,,
#548,,,,,,,,,,,,,,,,,,,,,,,,,,,,1,,,,,,,,
#549,,,,,,,,,,,,,,,,,,,,,,,,,,1,,,,,,,,,,
#550,,,,,,,,,,,,1,,,,,,,,,,,,,,,,,,,,,,,,
#551,,,,,,,,,,,,,,1,,,,,,,,,,,,,,,,,,,,,,
#552,,,,,,,,,,,,,,,,,,,,,,,,1,,,,,,,,,,,,
#553,,,,,1,,,,,,,,,,,,,,,,,,,,,,,,,,,,,,,
#554,,,,,,,,,,1,,,,,,,,,,,,,,,,,,,,,,,,,,
#555,,,,,,,,,,,,,,,,,,,,1,,,,,,,1,,,,,,,,,
#556,,,,,,,,,,,1,,,,,,,,,,,,,,,,,,,,,,,,,
#557,,,,,,,,,,,,,,1,,,,,,,,,,,,,,,,,,,,,,
#558,,,,,,,,,,,,,,,,,,,,,,,1,,,,,,,,,,,,,
#559,,,,,,,,,,,,1,,,,,,,,,,,,,,,,,,,,,,,,
#560,,,,,,1,,,,1,1,,1,1,1,1,,,,,1,1,1,1,1,1,1,,,,,,,,,
#561,,,,,,,,,,,,,,,,,,,,,1,,,,,,,,,,,,,,,
#562,,,,,1,,,,,,,,1,,,,,,,,,,,,,,,,,,,,,,,
#563,,,,,,,,,,,,,,,1,,,,,,,,,,1,,,,,,,,,,,
#564,,,,,,,,,,1,,,,,,,,,,,,,,,,,,,,,,,,,,
#565,,,,,,,,,,,,,,,,,,,,,,,,,,,,,,,,,,,1,
#566,,,,,,,,,,,1,,,,,,,,,,,,,,1,,,,,,,,,,,
#567,,,,,,,,,,1,,,,,,,,,,,,,,,,,,,,,,,,,,
#568,,,,,1,,,,,,,,,1,,,,,,,,,,,,,,,,,,,,,,
#569,,,,,,,,,,,,,,,,1,,,,,,,,,,,,,,,,,,,,
#570,,,,,,,,,1,,,,,,,,,,,,,,,,,,,,,,,,,,,
#571,,,,1,,,,,,,,,1,,,,,,,,,,,,,,,,,,,,,,,
#572,,,,,,,,,,,,,,,,,,,,,,,,,,1,,,,,,,,,,
#573,,,,,,,,,,,,,,,,,,,,1,,,,,,,1,,,,,,,,,
#574,,,,,,,,,,,,,,,,,,,,,,,,,,,,,1,,,,,,,
#575,,,,,,,,,,,,,,,,,,,,,,,,1,,,,,,,,,,,,
#576,,,,,,,,,1,,,,,,,,,,,,,,,,,,,,,,,,,,,
#577,,,,,,,,,,1,1,,,,,,,,,,,,,,,,,,,,,,,,,
#578,,,,,,,,,,,,,,,,1,,,,,,,,,,,,,,,,,,,,
#579,,,,,,,,,,,,,,,1,,,,,,,,,,,,,,,,,,,,,
#580,,,,,,,,,,,,,,,,,,,,,1,,,,,,,,,,,1,,,,
#581,,,,,,,,,,,,,1,,1,,,,,,,,,,,,,,,,,,,,,
#582,,,,,,,,,,,1,,,,,,,,,,,,,,,,1,,,,,,,,,
#583,,,,,,,,,,,,,,,,1,,,,,,,,,,,,,,,,,,,,
#584,,,,,,,,,,,,1,,,,,,,,,,,,,,,,,,,,,,,,
#585,,,,,,,,,,,,,,,,,,,,,1,,,,1,,1,,,,,,,,,
#586,,,,,1,1,,,,,,,,,,,,,,,,,,,,,,,,,,,,,,
#587,,,,,,,,,,,,,,,,,,,,,,1,,,,,,,,,,,,,,
#588,,,,,,,,,,,,,,,,,,,,,,,1,,1,,,,,,,,,,,
#589,,,,,,,,,,,,,,,,,,,,,1,,,,,1,,,,,,,,,,
#590,,,,,,,,,,,,,,,,,1,,1,,,,,1,,,,,,,,,,,,
#591,,,,,,,,,,,,,,,,,,,,,,,,,1,,,,,,,,,,,
#592,,,,,,,,,,,1,,,,,,,,,,,,,,,,1,,,,,,,,,
#593,,,,,1,1,1,1,1,1,1,1,1,1,1,1,1,1,1,1,1,1,1,1,1,1,1,1,1,1,1,1,1,1,1,1
#594,,,,,,,,1,,,,,,,,,,,,,,,,,,,,,,,,,,,,
#595,,,,,,,,,,,,,,,,,,,,,1,,,,,,,,,,,,,,,
#596,,,,,,,,,,,,,1,,,,,,,,,,,,,,,,,,,,,,,
#597,,,,,,,1,,,,,,,,,,,,,,,,,,,,,,,,,,,,,
#598,,,,,,,,,,,,,,1,,1,,,,,,,,,,,,,,,,,,,,
#599,,,,,,,,,,,,,,,1,,,,,,,,,,,,,,,,,,,,,
#600,,,,,,1,,,,,,,,,,,,,,,,,,,,,,,,,,,,,,
#601,,,,,,,,,,,,,,,,,,,,,,,,1,,,,,,,,,,,,
#602,,,,,,,,,,,,,,,,,,,,,,,,,,,,,,,,1,,,,
#603,,,,,,,,,,,,,,,,,,,,,,,1,,1,,1,,,,,,,,,
#604,,,,,,1,,,,1,1,,,,,,,,,,,,,,,,,,,,,,,,,
#605,,,,,,,,,,,,,,,,,,,,,1,,,,,,,,,,,,,,,
#606,,,,,,,,,,,,,,,,,,,,,,,,,,,,1,,,,,,,,
#607,,,,,,,,,,,,1,,,,,,,,,,,,,,,,,,,,,,,,
#608,,,,,,,1,,,,,,,,,,,,,,,,,,,,,,,,,,,,,
#609,,,,,,,,,,,,,,,,,,,,,,,,,1,1,,,,,,,,,,
#610,,,,,,,,,,,,,,,,,,1,,,,,,,,,,,,,,,,,,
#611,,,,,,,,,,,,,,,,,,,,,,,,,,,,,1,,,,,,,
#612,,,,,,,,,,,,,,,,,,,,,,,,1,,,,,,,,,,,,
#613,,,,,,,,1,,,,,,,,,,,,,,,,,,,,,,,,,,,,
#614,,,,,,,,,,,,,,,,,1,,,,1,1,1,1,1,,1,,,,,,,,,
#615,,,,,,1,,,,1,,,,,,,,,,,,,,,,,,,,,,,,,,
#616,,,,,,,,,,,,,,,,1,,,,,,,,,,,,,,,,,,,,
#617,,,,,,1,,,,,,,,,,,,,,,,,,,,,,,,,,,,,,
#618,,,,,,,,,,,,,,,,,,,,,,,,,1,,,,,,,,,,,
#619,,,,,,,,,,1,,,,,,,,,,,,,,,,,,,,,,,,,,
#620,,,,,,,,,,,,,,1,,,,,,,1,1,,,,,,,,,,,,,,
#621,,,,,,,,,,1,,,,,,,,,,,,,,,,,,,,,,,,,,
#622,,,,,,,,,,,,,,,,1,,1,,1,,,,,,,,,,,,,,,,
#623,,,,1,1,1,1,1,1,1,1,1,1,1,1,1,,,,,,,,,,,,,,,,,,,,
#624,,,,,,,,,,,,,,,,,,,,,,,,,,,1,,,,,,,,,
#625,,,,,,,,,,,,,,,,,,,,,1,1,,,,,,,,,,,,,,
#626,,,,,,1,,,,,,,,,,,,,,,,,,,,,,,,,,,,,,
#627,,,,,,,,,,,,,,,,,,,,,,,,1,,,,,,,,,,,,
#628,,,,,,,,,,,,,,,,,,1,,,,,,,,,,,,,,,,,,
#629,,,,,,,,,,,,,,,1,1,,,,,,,,,,,,,,,,,,,,
#630,,,,,,,,,,,1,,,,,,,,,,,,,,,,,,,,,,,,,
#631,,,,,,,,,,,,,,,,,,,,,,,1,,,1,,,,,,,,,,
#632,,,,,,,,,,,,,,,,,,,1,,,,,,,,,,,,,,,,,
#633,,,,,,,,,,,,1,,,,1,,,,,,,,,,,,,,,,,,,,
#634,,,,,,,,,,,,,,,,,1,,,,,,1,,,,,,,,,,,,,
#635,,,,,,,,,,,,,,,,1,,,,,,,,,,,,,,,,,,,,
#636,,,,,,,,,,,1,,,,1,,,,,,,,,,,,,,,,,,,,,
#637,,,,,,,,,,,,,1,,,,,,,,,,1,1,,,,,,,,,,,,
#638,,,,,,,,,,,,,,1,,,,,,,,,,,,,,,,,,,,,,
#639,1,1,1,1,1,1,1,1,1,1,1,1,1,1,1,1,1,1,1,1,1,1,1,1,1,1,1,,,,,,,,,
#640,,,,,,,,,,,,,1,,,,,,,,,,,,,,,,,,,,,,,
#641,,,,,,,,,,,1,,,1,,1,,,,,,,,,,,,,,,,,,,,
#642,,,,,,,,,,,,,,,,,,,,,,,,,,,1,,,,,,,,,
#643,,,,,,1,,,,,,,,,,,,,,,,,,,,1,,,,,,,,,,
#644,,,,,,,,,,,,,,,,,,,,,,,1,,1,,,,,,,,,,,
#645,,,,,,,,,,,,,,,1,1,,,,,,,,,,,,,,,,,,,,
#646,,,,,,,,,,1,,,1,,1,,,,,,,,,,,,,,,,,,,,,
#647,,,,,,,,,,,,,,1,,,,,,,,,,,,,,,,,,,,,,
#648,,,,,,,,,,,,,,,,,,,,,,,,,,,,1,1,1,1,1,1,1,1,1
#649,,,,,,,,,,,,,,,1,,,,,,,,,,,,,,,,,,,,,
#650,,,,,,,,,,,,,,,,,,,,,,,,,1,,1,,,,,,,,,
#651,,,,,,,,,,,1,,,1,,1,,,,,,,,,,,,,,,,,,,,
#652,,,,1,1,1,1,1,1,1,1,1,1,1,1,1,1,1,1,1,1,1,1,1,1,1,1,,,,,,,,,
,,,,,,,,,,,,,,,,,,,,,,,,,,,,,,,,,,,,
,,,,,,,,,,,,,,,,,,,,,,,,,,,,,,,,,,,,
,,,,,,,,,,,,,,,,,,,,,,,,,,,,,,,,,,,,
,,,,,,,,,,,,,,,,,,,,,,,,,,,,,,,,,,,,
,,,,,,,,,,,,,,,,,,,,,,,,,,,,,,,,,,,,
,,,,,,,,,,,,,,,,,,,,,,,,,,,,,,,,,,,,
,,,,,,,,,,,,,,,,,,,,,,,,,,,,,,,,,,,,
,,, ,,,,,,,,,,,,,,,,,,,,,,,,,,,,,,,,,
